LGA,date,AETI_mm_day
Ajingi,2024-01-01,0.536210708289699
Albasu,2024-01-01,0.4836640991544773
Bagwai,2024-01-01,0.606096462249985
Bebeji,2024-01-01,0.6645600840400103
Bichi,2024-01-01,0.4764624770971459
Bunkure,2024-01-01,0.7310993273432514
Dala,2024-01-01,0.5393533487297922
Dambatta,2024-01-01,0.3771174361853756
Dawakin Kudu,2024-01-01,0.7676047098953722
Dawakin Tofa,2024-01-01,0.47588765371877484
Doguwa,2024-01-01,1.1380773512522127
Fagge,2024-01-01,0.623898586866168
Gabasawa,2024-01-01,0.4834724890829694
Garko,2024-01-01,0.5922737807335752
Garum Mallam,2024-01-01,0.7868017866577014
Gaya,2024-01-01,0.49225207766556106
Gezawa,2024-01-01,0.5144532237673831
Gwale,2024-01-01,0.6142163998059195
Gwarzo,2024-01-01,0.43666973730186465
Kabo,2024-01-01,0.4682123581892279
Kano,2024-01-01,0.5977401129943503
Karaye,2024-01-01,1.4409707791374844
Kibiya,2024-01-01,0.5131142980775175
Kiru,2024-01-01,0.507561040007782
Kumbotso,2024-01-01,0.4993763730423075
Kunchi,2024-01-01,0.5973130193905817
Kura,2024-01-01,1.1560958083832336
Madobi,2024-01-01,0.5070988319468989
Makoda,2024-01-01,0.5850048491071939
Minjibir,2024-01-01,0.673585062701143
Nasarawa,2024-01-01,0.589630078835658
Rano,2024-01-01,1.6459502395151042
Rimin Gado,2024-01-01,0.4329896907216495
Rogo,2024-01-01,0.41908996780278857
Shanono,2024-01-01,0.4257812212448011
Sumaila,2024-01-01,0.6008641028379468
Takai,2024-01-01,0.4566380526810913
Tarauni,2024-01-01,0.6296368989205103
Tofa,2024-01-01,0.4352377713540781
Tsanyawa,2024-01-01,0.37860493689266167
Tudun Wada,2024-01-01,1.0392174081751437
Ungogo,2024-01-01,0.5537723076923077
Warawa,2024-01-01,0.4339159203315065
Wudil,2024-01-01,0.5781663743595035
Ajingi,2024-01-11,0.3200917568443624
Albasu,2024-01-11,0.28483077000275986
Bagwai,2024-01-11,0.47308847378220914
Bebeji,2024-01-11,0.49387969489822336
Bichi,2024-01-11,0.31985795508207254
Bunkure,2024-01-11,0.6416580743359357
Dala,2024-01-11,0.4436489607390301
Dambatta,2024-01-11,0.23229531090283478
Dawakin Kudu,2024-01-11,0.6268096690609729
Dawakin Tofa,2024-01-11,0.3177042951400478
Doguwa,2024-01-11,0.816908672983125
Fagge,2024-01-11,0.5121363258520366
Gabasawa,2024-01-11,0.284010480349345
Garko,2024-01-11,0.43133061265618705
Garum Mallam,2024-01-11,0.6597425676000193
Gaya,2024-01-11,0.30942496180076773
Gezawa,2024-01-11,0.3365455120101138
Gwale,2024-01-11,0.5141193595342067
Gwarzo,2024-01-11,0.3132778501318256
Kabo,2024-01-11,0.3074861401769652
Kano,2024-01-11,0.5104302477183834
Karaye,2024-01-11,1.369681110341466
Kibiya,2024-01-11,0.37369722445447245
Kiru,2024-01-11,0.35087338975278276
Kumbotso,2024-01-11,0.38361561902062224
Kunchi,2024-01-11,0.4516587909401988
Kura,2024-01-11,1.154768862275449
Madobi,2024-01-11,0.35279082798155253
Makoda,2024-01-11,0.45591876319242397
Minjibir,2024-01-11,0.5125457773831984
Nasarawa,2024-01-11,0.4882352941176471
Rano,2024-01-11,1.5329162185941931
Rimin Gado,2024-01-11,0.27836696644000875
Rogo,2024-01-11,0.28121498375955634
Shanono,2024-01-11,0.29139828480989366
Sumaila,2024-01-11,0.3807081759662903
Takai,2024-01-11,0.27292450611476954
Tarauni,2024-01-11,0.5191364082433759
Tofa,2024-01-11,0.2919061384118347
Tsanyawa,2024-01-11,0.2284401876465989
Tudun Wada,2024-01-11,0.786383269853264
Ungogo,2024-01-11,0.43680615384615384
Warawa,2024-01-11,0.2599418526934902
Wudil,2024-01-11,0.4054919357612023
Ajingi,2024-01-21,0.2949517112983926
Albasu,2024-01-21,0.27568808490353014
Bagwai,2024-01-21,0.5205597933809839
Bebeji,2024-01-21,0.4675776076001401
Bichi,2024-01-21,0.32335052227951877
Bunkure,2024-01-21,0.6536456031816174
Dala,2024-01-21,0.4382909930715935
Dambatta,2024-01-21,0.2118357592248665
Dawakin Kudu,2024-01-21,0.6411525468201646
Dawakin Tofa,2024-01-21,0.33318271674668176
Doguwa,2024-01-21,0.6887537141896058
Fagge,2024-01-21,0.494804655029094
Gabasawa,2024-01-21,0.25477030567685593
Garko,2024-01-21,0.38163794840790005
Garum Mallam,2024-01-21,0.6540223812496998
Gaya,2024-01-21,0.28228114634964413
Gezawa,2024-01-21,0.35152338811630846
Gwale,2024-01-21,0.5125667151868025
Gwarzo,2024-01-21,0.3511578412375719
Kabo,2024-01-21,0.32863751514483974
Kano,2024-01-21,0.5279878313776619
Karaye,2024-01-21,1.4055132250699094
Kibiya,2024-01-21,0.3074241206651419
Kiru,2024-01-21,0.32562499131474
Kumbotso,2024-01-21,0.39460704414995396
Kunchi,2024-01-21,0.4422225843245886
Kura,2024-01-21,1.3181413173652696
Madobi,2024-01-21,0.36184216197577695
Makoda,2024-01-21,0.449934394432084
Minjibir,2024-01-21,0.5385195871712352
Nasarawa,2024-01-21,0.4926015767131595
Rano,2024-01-21,1.5359565939974582
Rimin Gado,2024-01-21,0.31504715946479495
Rogo,2024-01-21,0.25146447668893523
Shanono,2024-01-21,0.34180683867643274
Sumaila,2024-01-21,0.3036098138780741
Takai,2024-01-21,0.2896225305738476
Tarauni,2024-01-21,0.5115799803729146
Tofa,2024-01-21,0.3331349543728391
Tsanyawa,2024-01-21,0.2497905729922931
Tudun Wada,2024-01-21,0.6868009108453912
Ungogo,2024-01-21,0.4347815384615385
Warawa,2024-01-21,0.28199772757652725
Wudil,2024-01-21,0.3790604903882527
Ajingi,2024-02-01,0.3274589005801294
Albasu,2024-02-01,0.3199212183556214
Bagwai,2024-02-01,0.5567841912427173
Bebeji,2024-02-01,0.5031515003882283
Bichi,2024-02-01,0.3731946884267392
Bunkure,2024-02-01,0.7822236951932048
Dala,2024-02-01,0.4806466512702079
Dambatta,2024-02-01,0.25893260772542076
Dawakin Kudu,2024-02-01,0.7315490832759357
Dawakin Tofa,2024-02-01,0.3935868142024595
Doguwa,2024-02-01,0.7130194859801857
Fagge,2024-02-01,0.541812136325852
Gabasawa,2024-02-01,0.3073694323144105
Garko,2024-02-01,0.4211885328496574
Garum Mallam,2024-02-01,0.7518611017722492
Gaya,2024-02-01,0.3014068497745314
Gezawa,2024-02-01,0.39972819216182054
Gwale,2024-02-01,0.5722464822901504
Gwarzo,2024-02-01,0.38929513039611197
Kabo,2024-02-01,0.3676873370782392
Kano,2024-02-01,0.5832246849196002
Karaye,2024-02-01,1.4579183662998025
Kibiya,2024-02-01,0.32534771589293443
Kiru,2024-02-01,0.3422242603632524
Kumbotso,2024-02-01,0.4521578910070158
Kunchi,2024-02-01,0.4960241160175982
Kura,2024-02-01,1.602280239520958
Madobi,2024-02-01,0.4131632257230292
Makoda,2024-02-01,0.5089309144845684
Minjibir,2024-02-01,0.5975696371101987
Nasarawa,2024-02-01,0.5286840509399636
Rano,2024-02-01,1.5720549418320462
Rimin Gado,2024-02-01,0.3573152007019083
Rogo,2024-02-01,0.24471582769527536
Shanono,2024-02-01,0.3772700504251169
Sumaila,2024-02-01,0.3174276920687011
Takai,2024-02-01,0.3193335489181562
Tarauni,2024-02-01,0.5594210009813543
Tofa,2024-02-01,0.3498384628464547
Tsanyawa,2024-02-01,0.31183402211549205
Tudun Wada,2024-02-01,0.6999663028050362
Ungogo,2024-02-01,0.4831138461538462
Warawa,2024-02-01,0.34119435904290873
Wudil,2024-02-01,0.4508476907734104
Ajingi,2024-02-11,0.4348360178859356
Albasu,2024-02-11,0.46281957999849466
Bagwai,2024-02-11,0.6661961679380144
Bebeji,2024-02-11,0.6771021421067857
Bichi,2024-02-11,0.49710054589070857
Bunkure,2024-02-11,1.0160995728384152
Dala,2024-02-11,0.6094688221709008
Dambatta,2024-02-11,0.3760319037129818
Dawakin Kudu,2024-02-11,0.9131850831447408
Dawakin Tofa,2024-02-11,0.5148032142948833
Doguwa,2024-02-11,0.9891878038427347
Fagge,2024-02-11,0.7219451371571073
Gabasawa,2024-02-11,0.41070218340611353
Garko,2024-02-11,0.5526501410721484
Garum Mallam,2024-02-11,0.9469333845636618
Gaya,2024-02-11,0.4317798978869303
Gezawa,2024-02-11,0.49690265486725665
Gwale,2024-02-11,0.7210577389616691
Gwarzo,2024-02-11,0.47758012769607067
Kabo,2024-02-11,0.4656423247787935
Kano,2024-02-11,0.7332464146023469
Karaye,2024-02-11,1.6120321198594116
Kibiya,2024-02-11,0.47896087037151513
Kiru,2024-02-11,0.4599255152096275
Kumbotso,2024-02-11,0.5822974984054993
Kunchi,2024-02-11,0.6312139481831514
Kura,2024-02-11,1.9894323353293413
Madobi,2024-02-11,0.532446877289772
Makoda,2024-02-11,0.6361030292657882
Minjibir,2024-02-11,0.7028104538896904
Nasarawa,2024-02-11,0.6789569436021832
Rano,2024-02-11,1.7707718252028546
Rimin Gado,2024-02-11,0.4340864224610661
Rogo,2024-02-11,0.3645405160064111
Shanono,2024-02-11,0.4970370643012257
Sumaila,2024-02-11,0.4916308241987631
Takai,2024-02-11,0.4533131467544685
Tarauni,2024-02-11,0.7215897939156036
Tofa,2024-02-11,0.4204046930794083
Tsanyawa,2024-02-11,0.4673405562381325
Tudun Wada,2024-02-11,0.931479306858911
Ungogo,2024-02-11,0.6134584615384616
Warawa,2024-02-11,0.4349418526934902
Wudil,2024-02-11,0.6110113827848276
Ajingi,2024-02-21,0.4307734503565551
Albasu,2024-02-21,0.5309707203251625
Bagwai,2024-02-21,0.6345005706048412
Bebeji,2024-02-21,0.7332140736568062
Bichi,2024-02-21,0.4855159517198391
Bunkure,2024-02-21,1.0794029557617717
Dala,2024-02-21,0.6472517321016167
Dambatta,2024-02-21,0.3151787385364028
Dawakin Kudu,2024-02-21,0.9466004132638001
Dawakin Tofa,2024-02-21,0.562796847320993
Doguwa,2024-02-21,1.0559238821390529
Fagge,2024-02-21,0.7542394014962595
Gabasawa,2024-02-21,0.4025868995633188
Garko,2024-02-21,0.5902635026199113
Garum Mallam,2024-02-21,1.0036741751116662
Gaya,2024-02-21,0.4909887079342601
Gezawa,2024-02-21,0.494073957016435
Gwale,2024-02-21,0.7676855895196507
Gwarzo,2024-02-21,0.4079381214065627
Kabo,2024-02-21,0.49474978889011273
Kano,2024-02-21,0.7671881790525859
Karaye,2024-02-21,1.455445239744478
Kibiya,2024-02-21,0.5329325585708105
Kiru,2024-02-21,0.4885173913647671
Kumbotso,2024-02-21,0.6396428318333216
Kunchi,2024-02-21,0.5774010102656021
Kura,2024-02-21,2.041705389221557
Madobi,2024-02-21,0.6066548855652774
Makoda,2024-02-21,0.5800815790974956
Minjibir,2024-02-21,0.6503662190655866
Nasarawa,2024-02-21,0.7057004244996968
Rano,2024-02-21,1.7480496627236288
Rimin Gado,2024-02-21,0.4759596402719895
Rogo,2024-02-21,0.3974809582570955
Shanono,2024-02-21,0.44211601457543526
Sumaila,2024-02-21,0.5860413410099324
Takai,2024-02-21,0.47665657337723427
Tarauni,2024-02-21,0.7658979391560354
Tofa,2024-02-21,0.4402255852179335
Tsanyawa,2024-02-21,0.4285044119289624
Tudun Wada,2024-02-21,1.003226761699564
Ungogo,2024-02-21,0.6206769230769231
Warawa,2024-02-21,0.4592634674508756
Wudil,2024-02-21,0.6874411087038758
Ajingi,2024-03-01,0.6594308416030852
Albasu,2024-03-01,0.6315753819906165
Bagwai,2024-03-01,0.7966274250705748
Bebeji,2024-03-01,0.9088881445731772
Bichi,2024-03-01,0.6136812678264483
Bunkure,2024-03-01,1.3878013453134974
Dala,2024-03-01,0.883972286374134
Dambatta,2024-03-01,0.3806418174750572
Dawakin Kudu,2024-03-01,1.1856243235265178
Dawakin Tofa,2024-03-01,0.7416703037149239
Doguwa,2024-03-01,1.2528059651286654
Fagge,2024-03-01,1.0277223607647548
Gabasawa,2024-03-01,0.5182759825327511
Garko,2024-03-01,0.8066102378073359
Garum Mallam,2024-03-01,1.2835838816579415
Gaya,2024-03-01,0.7364905154101293
Gezawa,2024-03-01,0.6465170670037927
Gwale,2024-03-01,0.9524502668607472
Gwarzo,2024-03-01,0.5315555414376926
Kabo,2024-03-01,0.5498182619231192
Kano,2024-03-01,0.958974358974359
Karaye,2024-03-01,1.7493291259396084
Kibiya,2024-03-01,0.7623632317487792
Kiru,2024-03-01,0.6246508525451286
Kumbotso,2024-03-01,0.8924597831478988
Kunchi,2024-03-01,0.6456086035522243
Kura,2024-03-01,2.5099880239520957
Madobi,2024-03-01,0.7984655833800267
Makoda,2024-03-01,0.7309972046323236
Minjibir,2024-03-01,0.8549800244146044
Nasarawa,2024-03-01,0.9830806549423894
Rano,2024-03-01,2.0678560954149967
Rimin Gado,2024-03-01,0.5697960078964686
Rogo,2024-03-01,0.45863722111115846
Shanono,2024-03-01,0.584412381758622
Sumaila,2024-03-01,0.7140984688874434
Takai,2024-03-01,0.5240004703668862
Tarauni,2024-03-01,0.9956820412168794
Tofa,2024-03-01,0.631139828827297
Tsanyawa,2024-03-01,0.4861889869317548
Tudun Wada,2024-03-01,1.246791108025038
Ungogo,2024-03-01,0.8898276923076923
Warawa,2024-03-01,0.6642427482956825
Wudil,2024-03-01,0.9554627050448778
Ajingi,2024-03-11,0.6429295699729052
Albasu,2024-03-11,0.548651428858168
Bagwai,2024-03-11,0.8501471559853444
Bebeji,2024-03-11,0.8527853478068907
Bichi,2024-03-11,0.6902268563117433
Bunkure,2024-03-11,1.3717631462660185
Dala,2024-03-11,0.8043879907621249
Dambatta,2024-03-11,0.4733670222721318
Dawakin Kudu,2024-03-11,1.0977172094853882
Dawakin Tofa,2024-03-11,0.7044414777541013
Doguwa,2024-03-11,1.1541915280436332
Fagge,2024-03-11,0.8599334995843725
Gabasawa,2024-03-11,0.44665851528384287
Garko,2024-03-11,0.7266273679967755
Garum Mallam,2024-03-11,1.2443110321310216
Gaya,2024-03-11,0.7157194499310551
Gezawa,2024-03-11,0.6018204804045513
Gwale,2024-03-11,0.8480834546336731
Gwarzo,2024-03-11,0.5957942886185318
Kabo,2024-03-11,0.4644417520284907
Kano,2024-03-11,0.8896132116471099
Karaye,2024-03-11,1.8897047127940685
Kibiya,2024-03-11,0.7740372133275639
Kiru,2024-03-11,0.5271883381275969
Kumbotso,2024-03-11,0.8851888597548012
Kunchi,2024-03-11,0.7163581554505459
Kura,2024-03-11,2.465633532934132
Madobi,2024-03-11,0.7034826085082541
Makoda,2024-03-11,0.7330252724057277
Minjibir,2024-03-11,0.8572050826767286
Nasarawa,2024-03-11,0.8981200727713766
Rano,2024-03-11,2.1970060611985534
Rimin Gado,2024-03-11,0.484415441982891
Rogo,2024-03-11,0.355376366963108
Shanono,2024-03-11,0.6646453678825132
Sumaila,2024-03-11,0.5577677019719021
Takai,2024-03-11,0.4244517285983067
Tarauni,2024-03-11,0.8960255152109913
Tofa,2024-03-11,0.5903984583120785
Tsanyawa,2024-03-11,0.5601502289735285
Tudun Wada,2024-03-11,1.2171641257620163
Ungogo,2024-03-11,0.8513907692307692
Warawa,2024-03-11,0.5783651918192755
Wudil,2024-03-11,0.8474087829705286
Ajingi,2024-03-21,0.7752539104705863
Albasu,2024-03-21,0.6420202222947036
Bagwai,2024-03-21,0.8624331791699202
Bebeji,2024-03-21,0.9562337286664738
Bichi,2024-03-21,0.7535577340813359
Bunkure,2024-03-21,1.496648991014877
Dala,2024-03-21,0.8233718244803696
Dambatta,2024-03-21,0.5585237334254741
Dawakin Kudu,2024-03-21,1.2014070648430584
Dawakin Tofa,2024-03-21,0.8039074734923366
Doguwa,2024-03-21,1.2316468977006063
Fagge,2024-03-21,0.8368246051537822
Gabasawa,2024-03-21,0.5975196506550219
Garko,2024-03-21,0.6809325876662636
Garum Mallam,2024-03-21,1.3865664473368235
Gaya,2024-03-21,0.7817966682815936
Gezawa,2024-03-21,0.7409450063211125
Gwale,2024-03-21,0.9123241145075206
Gwarzo,2024-03-21,0.681960547631905
Kabo,2024-03-21,0.6388662481183685
Kano,2024-03-21,0.9634941329856584
Karaye,2024-03-21,1.9323302290977193
Kibiya,2024-03-21,0.767073623045064
Kiru,2024-03-21,0.6541710092967024
Kumbotso,2024-03-21,0.9333782155765006
Kunchi,2024-03-21,0.7919309108685026
Kura,2024-03-21,2.568862275449102
Madobi,2024-03-21,0.8407094521787855
Makoda,2024-03-21,0.7872924867362656
Minjibir,2024-03-21,0.8921512595716348
Nasarawa,2024-03-21,0.9101273499090358
Rano,2024-03-21,2.2579968716394565
Rimin Gado,2024-03-21,0.5952456679096293
Rogo,2024-03-21,0.43768775796774606
Shanono,2024-03-21,0.6492657072398691
Sumaila,2024-03-21,0.5637659349301436
Takai,2024-03-21,0.5561779750705551
Tarauni,2024-03-21,0.9565750736015701
Tofa,2024-03-21,0.6419883239811823
Tsanyawa,2024-03-21,0.5770021221936781
Tudun Wada,2024-03-21,1.336631914307012
Ungogo,2024-03-21,0.8484184615384616
Warawa,2024-03-21,0.6628492180189814
Wudil,2024-03-21,0.8822724302761444
Ajingi,2024-04-01,0.7197210724912316
Albasu,2024-04-01,0.6414682489901398
Bagwai,2024-04-01,0.6974623100486516
Bebeji,2024-04-01,0.7837705342326021
Bichi,2024-04-01,0.531892106307021
Bunkure,2024-04-01,1.3650071193597488
Dala,2024-04-01,0.8094688221709007
Dambatta,2024-04-01,0.34385608776400467
Dawakin Kudu,2024-04-01,1.147561415592509
Dawakin Tofa,2024-04-01,0.5828861903417114
Doguwa,2024-04-01,1.2166603929232176
Fagge,2024-04-01,0.7768495428096426
Gabasawa,2024-04-01,0.5151336244541485
Garko,2024-04-01,0.6278592301491335
Garum Mallam,2024-04-01,1.195855146246578
Gaya,2024-04-01,0.7028658741102375
Gezawa,2024-04-01,0.6267256637168143
Gwale,2024-04-01,0.8646288209606987
Gwarzo,2024-04-01,0.5089069597535021
Kabo,2024-04-01,0.574538311855197
Kano,2024-04-01,0.8613646240764885
Karaye,2024-04-01,1.8436491444110932
Kibiya,2024-04-01,0.5538944180008655
Kiru,2024-04-01,0.5675032309167466
Kumbotso,2024-04-01,0.7443554673658848
Kunchi,2024-04-01,0.6082678833306177
Kura,2024-04-01,2.40797125748503
Madobi,2024-04-01,0.6875695013145986
Makoda,2024-04-01,0.6557818472245993
Minjibir,2024-04-01,0.7093274886250139
Nasarawa,2024-04-01,0.8821103699211644
Rano,2024-04-01,2.184468178707596
Rimin Gado,2024-04-01,0.4610660232507129
Rogo,2024-04-01,0.3465412819312654
Shanono,2024-04-01,0.44543597482424824
Sumaila,2024-04-01,0.557588085089857
Takai,2024-04-01,0.6185206961429915
Tarauni,2024-04-01,0.8602551521099117
Tofa,2024-04-01,0.44868219690528827
Tsanyawa,2024-04-01,0.3821400647827544
Tudun Wada,2024-04-01,1.2752591110067293
Ungogo,2024-04-01,0.6745538461538462
Warawa,2024-04-01,0.46433966047319886
Wudil,2024-04-01,0.833402111489391
Ajingi,2024-04-11,0.580490034741269
Albasu,2024-04-11,0.6023534134530948
Bagwai,2024-04-11,0.7571595891645144
Bebeji,2024-04-11,0.7099416896304981
Bichi,2024-04-11,0.5310099922555297
Bunkure,2024-04-11,1.3192198163696176
Dala,2024-04-11,0.9076674364896073
Dambatta,2024-04-11,0.2894902028534819
Dawakin Kudu,2024-04-11,1.1140181704877168
Dawakin Tofa,2024-04-11,0.6059279607712255
Doguwa,2024-04-11,1.5079481655307188
Fagge,2024-04-11,0.9032418952618454
Gabasawa,2024-04-11,0.40878078602620094
Garko,2024-04-11,0.6570258968158001
Garum Mallam,2024-04-11,1.0617981845252389
Gaya,2024-04-11,0.550812432452577
Gezawa,2024-04-11,0.5377749683944375
Gwale,2024-04-11,0.924599708879185
Gwarzo,2024-04-11,0.5825354976017281
Kabo,2024-04-11,0.6973381796820503
Kano,2024-04-11,0.868535419382877
Karaye,2024-04-11,1.823284332589343
Kibiya,2024-04-11,0.5027384558323547
Kiru,2024-04-11,0.7272189102430483
Kumbotso,2024-04-11,0.7313159946141309
Kunchi,2024-04-11,0.555554831350823
Kura,2024-04-11,2.4026491017964076
Madobi,2024-04-11,0.7134218352657213
Makoda,2024-04-11,0.5958868161332649
Minjibir,2024-04-11,0.7052935301298413
Nasarawa,2024-04-11,1.0020012128562765
Rano,2024-04-11,2.06569801544628
Rimin Gado,2024-04-11,0.5175367405132705
Rogo,2024-04-11,0.5260003120434592
Shanono,2024-04-11,0.5166255659023151
Sumaila,2024-04-11,0.6721254017107294
Takai,2024-04-11,0.5443702963311383
Tarauni,2024-04-11,0.9160942100098135
Tofa,2024-04-11,0.4865612424190897
Tsanyawa,2024-04-11,0.44257511448676423
Tudun Wada,2024-04-11,1.322737437583605
Ungogo,2024-04-11,0.7268984615384616
Warawa,2024-04-11,0.38249231386178323
Wudil,2024-04-11,0.7820695347157742
Ajingi,2024-04-21,0.6382386675310427
Albasu,2024-04-21,0.9066010989286699
Bagwai,2024-04-21,0.9143972610967627
Bebeji,2024-04-21,1.0058630086932692
Bichi,2024-04-21,0.7457962637653237
Bunkure,2024-04-21,1.3945671920263172
Dala,2024-04-21,1.1486836027713625
Dambatta,2024-04-21,0.36480945593803543
Dawakin Kudu,2024-04-21,1.251510380793073
Dawakin Tofa,2024-04-21,0.8465199866498936
Doguwa,2024-04-21,1.6469801936584467
Fagge,2024-04-21,1.2010390689941812
Gabasawa,2024-04-21,0.4491423580786027
Garko,2024-04-21,0.8679060862555421
Garum Mallam,2024-04-21,1.1799337207626914
Gaya,2024-04-21,0.6644504900681997
Gezawa,2024-04-21,0.6497218710493047
Gwale,2024-04-21,1.0915089762251335
Gwarzo,2024-04-21,0.6614878815793653
Kabo,2024-04-21,0.9360355398905901
Kano,2024-04-21,1.001477618426771
Karaye,2024-04-21,2.0474588881192437
Kibiya,2024-04-21,0.7208567719601904
Kiru,2024-04-21,1.02599463598338
Kumbotso,2024-04-21,0.8337325490751897
Kunchi,2024-04-21,0.6810689261854327
Kura,2024-04-21,2.4923784431137728
Madobi,2024-04-21,0.9394508857376839
Makoda,2024-04-21,0.7080723372696675
Minjibir,2024-04-21,0.8792031960936634
Nasarawa,2024-04-21,1.2913887204366283
Rano,2024-04-21,2.3433840062567213
Rimin Gado,2024-04-21,0.7100734810265409
Rogo,2024-04-21,0.6915946839141598
Shanono,2024-04-21,0.681186278479149
Sumaila,2024-04-21,0.8874365272774937
Takai,2024-04-21,0.7404295037629351
Tarauni,2024-04-21,1.0430814524043182
Tofa,2024-04-21,0.641240151901604
Tsanyawa,2024-04-21,0.5911258795934324
Tudun Wada,2024-04-21,1.4582726613636132
Ungogo,2024-04-21,1.0316184615384616
Warawa,2024-04-21,0.5896036626119503
Wudil,2024-04-21,0.9660511021699508
Ajingi,2024-05-01,0.8468973885869113
Albasu,2024-05-01,0.8513811877461926
Bagwai,2024-05-01,1.0370833083068052
Bebeji,2024-05-01,1.0322381742612243
Bichi,2024-05-01,0.8319959955422074
Bunkure,2024-05-01,1.2795109736338195
Dala,2024-05-01,1.040646651270208
Dambatta,2024-05-01,0.42589585222937276
Dawakin Kudu,2024-05-01,1.2478631637639805
Dawakin Tofa,2024-05-01,0.9792149110420786
Doguwa,2024-05-01,1.585024707870478
Fagge,2024-05-01,1.188320864505403
Gabasawa,2024-05-01,0.4812489082969433
Garko,2024-05-01,0.841759875050383
Garum Mallam,2024-05-01,1.1496662023918158
Gaya,2024-05-01,0.7573398427309657
Gezawa,2024-05-01,0.6525031605562579
Gwale,2024-05-01,1.077147016011645
Gwarzo,2024-05-01,0.769057526762174
Kabo,2024-05-01,0.9838601901824724
Kano,2024-05-01,1.1036940460669276
Karaye,2024-05-01,2.072649375304651
Kibiya,2024-05-01,0.8042653149533289
Kiru,2024-05-01,1.0897708480982755
Kumbotso,2024-05-01,0.8744312947346042
Kunchi,2024-05-01,0.7296578132638097
Kura,2024-05-01,2.3677556886227547
Madobi,2024-05-01,0.8734709710788329
Makoda,2024-05-01,0.72905470933881
Minjibir,2024-05-01,0.9142215070469426
Nasarawa,2024-05-01,1.284536082474227
Rano,2024-05-01,2.2236606706422917
Rimin Gado,2024-05-01,0.8371188857205528
Rogo,2024-05-01,0.8659702424010327
Shanono,2024-05-01,0.7890352975818029
Sumaila,2024-05-01,0.9151091779372215
Takai,2024-05-01,0.7337547036688618
Tarauni,2024-05-01,1.099116781157998
Tofa,2024-05-01,0.7904381341041774
Tsanyawa,2024-05-01,0.6436473807662236
Tudun Wada,2024-05-01,1.4082721508000533
Ungogo,2024-05-01,1.0433784615384616
Warawa,2024-05-01,0.7930189814195964
Wudil,2024-05-01,1.0589222462945769
Ajingi,2024-05-11,0.8191243205505411
Albasu,2024-05-11,0.8135760343227038
Bagwai,2024-05-11,0.9789536909123671
Bebeji,2024-05-11,0.9836061081253901
Bichi,2024-05-11,0.7817079390264635
Bunkure,2024-05-11,1.312269848283989
Dala,2024-05-11,0.9421247113163972
Dambatta,2024-05-11,0.33747966426237064
Dawakin Kudu,2024-05-11,1.2167535832595364
Dawakin Tofa,2024-05-11,0.8248517367975149
Doguwa,2024-05-11,1.7504104630022668
Fagge,2024-05-11,1.1098088113050708
Gabasawa,2024-05-11,0.5049327510917031
Garko,2024-05-11,0.9093283958081418
Garum Mallam,2024-05-11,1.258786801786658
Gaya,2024-05-11,0.7422520776655611
Gezawa,2024-05-11,0.5180404551201011
Gwale,2024-05-11,0.932896652110626
Gwarzo,2024-05-11,0.69696642419237
Kabo,2024-05-11,0.8431251606270882
Kano,2024-05-11,1.032159930465015
Karaye,2024-05-11,1.8220169835039384
Kibiya,2024-05-11,0.9624806824503926
Kiru,2024-05-11,0.9703311515960034
Kumbotso,2024-05-11,0.8675926582099072
Kunchi,2024-05-11,0.7323969366139808
Kura,2024-05-11,2.305259880239521
Madobi,2024-05-11,0.8955476057066506
Makoda,2024-05-11,0.6437674710479777
Minjibir,2024-05-11,0.6917878148929087
Nasarawa,2024-05-11,1.136810187992723
Rano,2024-05-11,2.1539275589011635
Rimin Gado,2024-05-11,0.8051381881991665
Rogo,2024-05-11,0.8779739869225424
Shanono,2024-05-11,0.7120173727409916
Sumaila,2024-05-11,1.1128528015379089
Takai,2024-05-11,0.917981244120414
Tarauni,2024-05-11,1.0818940137389599
Tofa,2024-05-11,0.7783426854843282
Tsanyawa,2024-05-11,0.6167681224170669
Tudun Wada,2024-05-11,1.5486546650192483
Ungogo,2024-05-11,0.8075507692307693
Warawa,2024-05-11,0.7085783986098115
Wudil,2024-05-11,1.0366381237319027
Ajingi,2024-05-21,0.527470536411842
Albasu,2024-05-21,0.4091853375818551
Bagwai,2024-05-21,0.683869902096222
Bebeji,2024-05-21,0.7708737420641567
Bichi,2024-05-21,0.5248370827902761
Bunkure,2024-05-21,1.2942701428781853
Dala,2024-05-21,0.7748267898383372
Dambatta,2024-05-21,0.18366518377748026
Dawakin Kudu,2024-05-21,1.1476499721210929
Dawakin Tofa,2024-05-21,0.4277810582526764
Doguwa,2024-05-21,1.8911612298672904
Fagge,2024-05-21,1.0972984206151288
Gabasawa,2024-05-21,0.38496768558951966
Garko,2024-05-21,0.7571770455461508
Garum Mallam,2024-05-21,1.238864607847846
Gaya,2024-05-21,0.510939887452018
Gezawa,2024-05-21,0.3751580278128951
Gwale,2024-05-21,0.8371179039301311
Gwarzo,2024-05-21,0.421819510180744
Kabo,2024-05-21,0.42197011418291297
Kano,2024-05-21,0.9094741416775316
Karaye,2024-05-21,1.655850586213089
Kibiya,2024-05-21,0.9129257587933486
Kiru,2024-05-21,0.613967287836467
Kumbotso,2024-05-21,0.7485082559705195
Kunchi,2024-05-21,0.5872592471891804
Kura,2024-05-21,2.447468263473054
Madobi,2024-05-21,0.7503081763717082
Makoda,2024-05-21,0.5234183353300245
Minjibir,2024-05-21,0.5187160137609589
Nasarawa,2024-05-21,1.0405093996361432
Rano,2024-05-21,2.2369855313324862
Rimin Gado,2024-05-21,0.38876946698837467
Rogo,2024-05-21,0.4977391033005688
Shanono,2024-05-21,0.43160219367661673
Sumaila,2024-05-21,1.0813674184684992
Takai,2024-05-21,0.7715001763875824
Tarauni,2024-05-21,1.029784102060844
Tofa,2024-05-21,0.3645071699824293
Tsanyawa,2024-05-21,0.3871830671283369
Tudun Wada,2024-05-21,1.601940141528219
Ungogo,2024-05-21,0.5545230769230769
Warawa,2024-05-21,0.4182261729715279
Wudil,2024-05-21,0.7983390075312081
Ajingi,2024-06-01,0.3152828338237006
Albasu,2024-06-01,0.12241262513485712
Bagwai,2024-06-01,0.5873505916271248
Bebeji,2024-06-01,0.4881887246319444
Bichi,2024-06-01,0.493677867815115
Bunkure,2024-06-01,0.8465483379977414
Dala,2024-06-01,0.32937644341801386
Dambatta,2024-06-01,0.2590521026792784
Dawakin Kudu,2024-06-01,0.9487192102069599
Dawakin Tofa,2024-06-01,0.21021283150625145
Doguwa,2024-06-01,1.7644054493468635
Fagge,2024-06-01,0.5784704904405652
Gabasawa,2024-06-01,0.21359650655021833
Garko,2024-06-01,0.2330763804917372
Garum Mallam,2024-06-01,0.7538254646750877
Gaya,2024-06-01,0.26705362799537885
Gezawa,2024-06-01,0.24006321112515805
Gwale,2024-06-01,0.5082484230955847
Gwarzo,2024-06-01,0.21127981957371111
Kabo,2024-06-01,0.12811616551015165
Kano,2024-06-01,0.6094306823120382
Karaye,2024-06-01,1.2093742784576311
Kibiya,2024-06-01,0.356030166285467
Kiru,2024-06-01,0.3732938675115688
Kumbotso,2024-06-01,0.41234497909432366
Kunchi,2024-06-01,0.7197132149258596
Kura,2024-06-01,2.129868263473054
Madobi,2024-06-01,0.3793672686522133
Makoda,2024-06-01,0.6024730446688346
Minjibir,2024-06-01,0.4540783486849407
Nasarawa,2024-06-01,0.6710733778047302
Rano,2024-06-01,1.6395566526542185
Rimin Gado,2024-06-01,0.15766615485852162
Rogo,2024-06-01,0.4217962356211793
Shanono,2024-06-01,0.5275424196694763
Sumaila,2024-06-01,0.7164781498490247
Takai,2024-06-01,0.3960165804327376
Tarauni,2024-06-01,0.5916094210009814
Tofa,2024-06-01,0.1361446466020518
Tsanyawa,2024-06-01,0.7178040880151905
Tudun Wada,2024-06-01,1.2656074174674006
Ungogo,2024-06-01,0.34779076923076924
Warawa,2024-06-01,0.3020518647239674
Wudil,2024-06-01,0.5500876921489736
Ajingi,2024-06-11,0.568791037085058
Albasu,2024-06-11,0.3456682640439572
Bagwai,2024-06-11,0.7293771397681543
Bebeji,2024-06-11,0.5088546503661526
Bichi,2024-06-11,0.6907406358021193
Bunkure,2024-06-11,0.8304119408847646
Dala,2024-06-11,0.24471131639722865
Dambatta,2024-06-11,0.5000201557753495
Dawakin Kudu,2024-06-11,1.0999245629571321
Dawakin Tofa,2024-06-11,0.2921593797335113
Doguwa,2024-06-11,1.8335562514516377
Fagge,2024-06-11,0.6107231920199502
Gabasawa,2024-06-11,0.5344052401746725
Garko,2024-06-11,0.30169790407093916
Garum Mallam,2024-06-11,0.6431775611161807
Gaya,2024-06-11,0.3910110684604778
Gezawa,2024-06-11,0.38160556257901396
Gwale,2024-06-11,0.5013585638039787
Gwarzo,2024-06-11,0.3209173787363807
Kabo,2024-06-11,0.14174468553805486
Kano,2024-06-11,0.5468057366362452
Karaye,2024-06-11,1.1572256856255934
Kibiya,2024-06-11,0.41134326512950486
Kiru,2024-06-11,0.41700365475743806
Kumbotso,2024-06-11,0.4726950605910283
Kunchi,2024-06-11,0.9116196838846342
Kura,2024-06-11,1.898653892215569
Madobi,2024-06-11,0.3732252920132753
Makoda,2024-06-11,0.762564892463917
Minjibir,2024-06-11,0.6426783930751304
Nasarawa,2024-06-11,0.7580958156458459
Rano,2024-06-11,1.4926899012611203
Rimin Gado,2024-06-11,0.21917635446369818
Rogo,2024-06-11,0.46910486078606584
Shanono,2024-06-11,0.7421951488829182
Sumaila,2024-06-11,0.8587250114080993
Takai,2024-06-11,0.7519755409219191
Tarauni,2024-06-11,0.565603532875368
Tofa,2024-06-11,0.2165844810973191
Tsanyawa,2024-06-11,0.9830782977772814
Tudun Wada,2024-06-11,1.3786227037403886
Ungogo,2024-06-11,0.43854153846153854
Warawa,2024-06-11,0.5306576660874215
Wudil,2024-06-11,0.6819560507582793
Ajingi,2024-06-21,1.1204574544124737
Albasu,2024-06-21,0.5940763228542039
Bagwai,2024-06-21,0.8778905639978378
Bebeji,2024-06-21,0.6044318925749433
Bichi,2024-06-21,0.9072590241967474
Bunkure,2024-06-21,0.9899027839151568
Dala,2024-06-21,0.2612009237875289
Dambatta,2024-06-21,0.7438488892728085
Dawakin Kudu,2024-06-21,1.5127685394732528
Dawakin Tofa,2024-06-21,0.4341300608456779
Doguwa,2024-06-21,1.806131716576298
Fagge,2024-06-21,0.7999168744804656
Gabasawa,2024-06-21,1.1529903930131005
Garko,2024-06-21,0.47547611850060467
Garum Mallam,2024-06-21,0.6798520724268768
Gaya,2024-06-21,0.6910856035478702
Gezawa,2024-06-21,0.8447882427307207
Gwale,2024-06-21,0.585589519650655
Gwarzo,2024-06-21,0.4276960706457864
Kabo,2024-06-21,0.19222381319528584
Kano,2024-06-21,0.5944372012168623
Karaye,2024-06-21,1.2278560250391237
Kibiya,2024-06-21,0.4606138344563269
Kiru,2024-06-21,0.5047247814788566
Kumbotso,2024-06-21,0.6536886117213522
Kunchi,2024-06-21,1.0527049046765522
Kura,2024-06-21,2.0645940119760477
Madobi,2024-06-21,0.4489590965906642
Makoda,2024-06-21,0.9183980831764504
Minjibir,2024-06-21,0.9678060148707136
Nasarawa,2024-06-21,0.902486355366889
Rano,2024-06-21,1.5281723531136964
Rimin Gado,2024-06-21,0.3126891862250494
Rogo,2024-06-21,0.4930300838262202
Shanono,2024-06-21,0.9390003312598918
Sumaila,2024-06-21,1.0693554181189744
Takai,2024-06-21,1.1606464604891815
Tarauni,2024-06-21,0.6890578999018646
Tofa,2024-06-21,0.33606529501785415
Tsanyawa,2024-06-21,1.1677566178934435
Tudun Wada,2024-06-21,1.5011630637898112
Ungogo,2024-06-21,0.6159692307692308
Warawa,2024-06-21,1.0317871942253711
Wudil,2024-06-21,0.993369785756044
Ajingi,2024-07-01,1.4020129988862848
Albasu,2024-07-01,0.8444614496826154
Bagwai,2024-07-01,0.9677127755420746
Bebeji,2024-07-01,0.8223315013017066
Bichi,2024-07-01,0.9882454052624621
Bunkure,2024-07-01,1.0616978445524623
Dala,2024-07-01,0.24355658198614322
Dambatta,2024-07-01,0.8030449617760118
Dawakin Kudu,2024-07-01,1.6832201777690317
Dawakin Tofa,2024-07-01,0.5299016713306463
Doguwa,2024-07-01,1.8895898573591012
Fagge,2024-07-01,0.8469243557772237
Gabasawa,2024-07-01,1.3701205240174674
Garko,2024-07-01,0.6763628577186619
Garum Mallam,2024-07-01,0.6678353585322512
Gaya,2024-07-01,0.9437520962993329
Gezawa,2024-07-01,1.164781921618205
Gwale,2024-07-01,0.5648229015041242
Gwarzo,2024-07-01,0.5688097582668912
Kabo,2024-07-01,0.26438300840768075
Kano,2024-07-01,0.5498044328552804
Karaye,2024-07-01,1.2164575797224146
Kibiya,2024-07-01,0.5572726710762194
Kiru,2024-07-01,0.5769972624060256
Kumbotso,2024-07-01,0.7231379774643896
Kunchi,2024-07-01,1.058101678344468
Kura,2024-07-01,1.9046035928143714
Madobi,2024-07-01,0.50574544200681
Makoda,2024-07-01,0.9401819841405671
Minjibir,2024-07-01,1.0882199533903008
Nasarawa,2024-07-01,0.9117647058823529
Rano,2024-07-01,1.5591773389383128
Rimin Gado,2024-07-01,0.4281969730203993
Rogo,2024-07-01,0.5542558472689105
Shanono,2024-07-01,1.0366667893555155
Sumaila,2024-07-01,1.1902171907919648
Takai,2024-07-01,1.3908293156161806
Tarauni,2024-07-01,0.699901864573111
Tofa,2024-07-01,0.44495834041829624
Tsanyawa,2024-07-01,1.0937618675304368
Tudun Wada,2024-07-01,1.5456076216928247
Ungogo,2024-07-01,0.667003076923077
Warawa,2024-07-01,1.3656362785723835
Wudil,2024-07-01,1.1596237834863647
Ajingi,2024-07-11,1.6691035422796259
Albasu,2024-07-11,1.212005419374263
Bagwai,2024-07-11,1.0030932788756082
Bebeji,2024-07-11,1.1899776197798517
Bichi,2024-07-11,1.0177688370072344
Bunkure,2024-07-11,1.4611282957725733
Dala,2024-07-11,0.3363048498845266
Dambatta,2024-07-11,1.1611972530557597
Dawakin Kudu,2024-07-11,1.9797599134113941
Dawakin Tofa,2024-07-11,0.6704731585838618
Doguwa,2024-07-11,1.7411239878583045
Fagge,2024-07-11,0.8870739817123857
Gabasawa,2024-07-11,1.6242969432314411
Garko,2024-07-11,1.0699843812978638
Garum Mallam,2024-07-11,0.9213102156476634
Gaya,2024-07-11,1.3437483695449632
Gezawa,2024-07-11,1.478846396965866
Gwale,2024-07-11,0.6571567200388162
Gwarzo,2024-07-11,0.7624186016962613
Kabo,2024-07-11,0.4010096559826707
Kano,2024-07-11,0.6344632768361582
Karaye,2024-07-11,1.2937145642525465
Kibiya,2024-07-11,0.9497280089015269
Kiru,2024-07-11,0.7829880073928934
Kumbotso,2024-07-11,0.9943023173410815
Kunchi,2024-07-11,1.1220042365976863
Kura,2024-07-11,2.0668982035928143
Madobi,2024-07-11,0.6951295202792984
Makoda,2024-07-11,1.2170488904101775
Minjibir,2024-07-11,1.3062895350127623
Nasarawa,2024-07-11,0.964463311097635
Rano,2024-07-11,1.7067968520872032
Rimin Gado,2024-07-11,0.571347883307743
Rogo,2024-07-11,0.7635987121115414
Shanono,2024-07-11,1.0886377857116567
Sumaila,2024-07-11,1.341124498771809
Takai,2024-07-11,1.6810442144873001
Tarauni,2024-07-11,0.7657998037291462
Tofa,2024-07-11,0.6128436206994277
Tsanyawa,2024-07-11,1.0175751144867642
Tudun Wada,2024-07-11,1.6655328751876324
Ungogo,2024-07-11,0.7635076923076923
Warawa,2024-07-11,1.7010961101457025
Wudil,2024-07-11,1.5218473812717082
Ajingi,2024-07-21,1.8664306255090677
Albasu,2024-07-21,1.6526130918031965
Bagwai,2024-07-21,1.7070544777464112
Bebeji,2024-07-21,1.8304203522981597
Bichi,2024-07-21,1.617549725165751
Bunkure,2024-07-21,1.8799086757990868
Dala,2024-07-21,0.398891454965358
Dambatta,2024-07-21,1.594212413078219
Dawakin Kudu,2024-07-21,2.2483715438354817
Dawakin Tofa,2024-07-21,1.3972401222048214
Doguwa,2024-07-21,1.9275214441890451
Fagge,2024-07-21,0.8193266832917706
Gabasawa,2024-07-21,1.8570724890829695
Garko,2024-07-21,1.5043027005239824
Garum Mallam,2024-07-21,1.50408241679074
Gaya,2024-07-21,1.8211810084597326
Gezawa,2024-07-21,1.8577718078381797
Gwale,2024-07-21,0.5977680737506066
Gwarzo,2024-07-21,1.3434452526921001
Kabo,2024-07-21,1.2166831883100195
Kano,2024-07-21,0.6926553672316385
Karaye,2024-07-21,1.8136509402498782
Kibiya,2024-07-21,1.4441645546145763
Kiru,2024-07-21,1.4164464084712554
Kumbotso,2024-07-21,1.3114237119977323
Kunchi,2024-07-21,1.6489098908261366
Kura,2024-07-21,2.3343664670658684
Madobi,2024-07-21,1.578332830481445
Makoda,2024-07-21,1.6549660562496435
Minjibir,2024-07-21,1.917306625235823
Nasarawa,2024-07-21,0.8355366889023652
Rano,2024-07-21,2.145762049076156
Rimin Gado,2024-07-21,1.3568545733713533
Rogo,2024-07-21,1.1860658411698795
Shanono,2024-07-21,1.6796643233096544
Sumaila,2024-07-21,1.7233424274493434
Takai,2024-07-21,2.0182575846660398
Tarauni,2024-07-21,0.6789499509322866
Tofa,2024-07-21,1.3809782916737516
Tsanyawa,2024-07-21,1.6217999553222384
Tudun Wada,2024-07-21,2.192802074930308
Ungogo,2024-07-21,1.0801907692307693
Warawa,2024-07-21,2.0440248629862316
Wudil,2024-07-21,1.8845696206884694
Ajingi,2024-08-01,2.035067072258515
Albasu,2024-08-01,2.1321148104473493
Bagwai,2024-08-01,2.243867499549523
Bebeji,2024-08-01,2.3468812325868185
Bichi,2024-08-01,1.992973309911033
Bunkure,2024-08-01,2.35922325330191
Dala,2024-08-01,0.532147806004619
Dambatta,2024-08-01,1.6696367641342373
Dawakin Kudu,2024-08-01,2.526563678703795
Dawakin Tofa,2024-08-01,1.929557649354317
Doguwa,2024-08-01,2.1747923657886097
Fagge,2024-08-01,0.8591853699085621
Gabasawa,2024-08-01,2.0936698689956335
Garko,2024-08-01,1.9768515719467956
Garum Mallam,2024-08-01,2.0472503722203546
Gaya,2024-08-01,2.225975477956248
Gezawa,2024-08-01,2.183049936788875
Gwale,2024-08-01,0.6775836972343523
Gwarzo,2024-08-01,1.852088561354468
Kabo,2024-08-01,1.8150163380695379
Kano,2024-08-01,0.7978704910908301
Karaye,2024-08-01,2.2305805690243465
Kibiya,2024-08-01,2.0267602151202326
Kiru,2024-08-01,1.9113853337224331
Kumbotso,2024-08-01,1.6344979094323577
Kunchi,2024-08-01,1.8178963663027539
Kura,2024-08-01,2.630802395209581
Madobi,2024-08-01,2.129955605361838
Makoda,2024-08-01,1.7459895031091337
Minjibir,2024-08-01,2.3084535567639555
Nasarawa,2024-08-01,0.7960582171012736
Rano,2024-08-01,2.473729103529182
Rimin Gado,2024-08-01,1.9305768808949333
Rogo,2024-08-01,1.7104690580542674
Shanono,2024-08-01,2.140246236519563
Sumaila,2024-08-01,2.1609930386321934
Takai,2024-08-01,2.459375
Tarauni,2024-08-01,0.7278213935230619
Tofa,2024-08-01,1.989519922915604
Tsanyawa,2024-08-01,2.042533229085223
Tudun Wada,2024-08-01,2.5403508592784716
Ungogo,2024-08-01,1.3763076923076925
Warawa,2024-08-01,2.3041070712471594
Wudil,2024-08-01,2.210330479039857
Ajingi,2024-08-11,1.8759786565601158
Albasu,2024-08-11,2.022585744034925
Bagwai,2024-08-11,2.1109285842993573
Bebeji,2024-08-11,2.2717780856538226
Bichi,2024-08-11,1.7244763038099018
Bunkure,2024-08-11,2.2843644130210636
Dala,2024-08-11,0.5521016166281755
Dambatta,2024-08-11,1.399576728717661
Dawakin Kudu,2024-08-11,2.3820755026402964
Dawakin Tofa,2024-08-11,1.8858001078277837
Doguwa,2024-08-11,2.013246141647779
Fagge,2024-08-11,0.6221113881961763
Gabasawa,2024-08-11,1.8390096069868997
Garko,2024-08-11,1.9179564691656592
Garum Mallam,2024-08-11,2.088463570433697
Gaya,2024-08-11,2.133712220027578
Gezawa,2024-08-11,1.9954898862199748
Gwale,2024-08-11,0.49941775836972346
Gwarzo,2024-08-11,1.9444458562307425
Kabo,2024-08-11,1.8724088556008374
Kano,2024-08-11,0.6967405475880053
Karaye,2024-08-11,2.1650119295005004
Kibiya,2024-08-11,2.0265376769487546
Kiru,2024-08-11,1.8968802545823433
Kumbotso,2024-08-11,1.5688399121252923
Kunchi,2024-08-11,1.6421851067296727
Kura,2024-08-11,2.3884071856287425
Madobi,2024-08-11,2.1526399724149825
Makoda,2024-08-11,1.5593331051400536
Minjibir,2024-08-11,2.1469010098768173
Nasarawa,2024-08-11,0.5401455427531838
Rano,2024-08-11,2.475855411086128
Rimin Gado,2024-08-11,1.9361866637420488
Rogo,2024-08-11,1.697709317334014
Shanono,2024-08-11,2.0016931061135854
Sumaila,2024-08-11,2.032990281270328
Takai,2024-08-11,2.203468955785513
Tarauni,2024-08-11,0.5832188420019627
Tofa,2024-08-11,1.989757977668197
Tsanyawa,2024-08-11,1.831520160839942
Tudun Wada,2024-08-11,2.454716075604252
Ungogo,2024-08-11,1.264916923076923
Warawa,2024-08-11,2.2032181526533887
Wudil,2024-08-11,2.137972419959421
Ajingi,2024-08-21,2.267931647799997
Albasu,2024-08-21,2.6290940110896455
Bagwai,2024-08-21,2.615093999639618
Bebeji,2024-08-21,2.896193840110836
Bichi,2024-08-21,2.3420656957745414
Bunkure,2024-08-21,2.893622035645898
Dala,2024-08-21,0.9957505773672056
Dambatta,2024-08-21,1.9069868555550755
Dawakin Kudu,2024-08-21,2.809144281544164
Dawakin Tofa,2024-08-21,2.5125542348078356
Doguwa,2024-08-21,2.2839442891581707
Fagge,2024-08-21,0.6790108063175395
Gabasawa,2024-08-21,2.3061519650655025
Garko,2024-08-21,2.627083333333333
Garum Mallam,2024-08-21,2.8120695451707416
Gaya,2024-08-21,2.6257444191853314
Gezawa,2024-08-21,2.4252496839443745
Gwale,2024-08-21,0.7372149442018437
Gwarzo,2024-08-21,2.4890727740541916
Kabo,2024-08-21,2.5234387047031612
Kano,2024-08-21,0.9482833550630162
Karaye,2024-08-21,2.5767951974139924
Kibiya,2024-08-21,2.6841997898250605
Kiru,2024-08-21,2.5232292491766373
Kumbotso,2024-08-21,2.0312947346042094
Kunchi,2024-08-21,2.1504741730487207
Kura,2024-08-21,2.9588311377245513
Madobi,2024-08-21,2.8727554846773846
Makoda,2024-08-21,2.008793998516744
Minjibir,2024-08-21,2.771568083453557
Nasarawa,2024-08-21,0.6091570648878109
Rano,2024-08-21,2.864468667513931
Rimin Gado,2024-08-21,2.6030927835051547
Rogo,2024-08-21,2.2550359559167696
Shanono,2024-08-21,2.51871066288785
Sumaila,2024-08-21,2.6080147965474723
Takai,2024-08-21,2.8509701317027285
Tarauni,2024-08-21,0.7007850834151129
Tofa,2024-08-21,2.602947344555915
Tsanyawa,2024-08-21,2.4371998212889534
Tudun Wada,2024-08-21,2.833266279319113
Ungogo,2024-08-21,1.657716923076923
Warawa,2024-08-21,2.6339593637214276
Wudil,2024-08-21,2.6647236837580386
Ajingi,2024-09-01,2.6972772153792453
Albasu,2024-09-01,3.029425195072384
Bagwai,2024-09-01,3.0775992552105236
Bebeji,2024-09-01,3.3635476455094926
Bichi,2024-09-01,2.8514251714172385
Bunkure,2024-09-01,3.444891245642461
Dala,2024-09-01,1.5263741339491919
Dambatta,2024-09-01,2.2661282195251875
Dawakin Kudu,2024-09-01,3.3030699596575817
Dawakin Tofa,2024-09-01,3.138117121511643
Doguwa,2024-09-01,2.9958096733114954
Fagge,2024-09-01,0.8628428927680798
Gabasawa,2024-09-01,2.6804296943231445
Garko,2024-09-01,3.0373261789600967
Garum Mallam,2024-09-01,3.2948993804332165
Gaya,2024-09-01,3.1615212611336787
Gezawa,2024-09-01,2.942888748419722
Gwale,2024-09-01,1.121154779233382
Gwarzo,2024-09-01,3.0668180807471175
Kabo,2024-09-01,3.1114476631053347
Kano,2024-09-01,1.3529335071707953
Karaye,2024-09-01,3.229913543189923
Kibiya,2024-09-01,3.2061568894108925
Kiru,2024-09-01,3.060738455552313
Kumbotso,2024-09-01,2.586613280419531
Kunchi,2024-09-01,2.5423333876486884
Kura,2024-09-01,3.440680239520958
Madobi,2024-09-01,3.4371535709667693
Makoda,2024-09-01,2.411957327856695
Minjibir,2024-09-01,3.344528909111087
Nasarawa,2024-09-01,0.7680412371134021
Rano,2024-09-01,3.434194447160035
Rimin Gado,2024-09-01,3.2159190611976314
Rogo,2024-09-01,2.8631434123370636
Shanono,2024-09-01,2.976252346424234
Sumaila,2024-09-01,2.981381011097411
Takai,2024-09-01,3.1503277869238007
Tarauni,2024-09-01,0.9900883218842003
Tofa,2024-09-01,3.2875871450433602
Tsanyawa,2024-09-01,2.834253881380543
Tudun Wada,2024-09-01,3.2987470770236187
Ungogo,2024-09-01,2.1911815384615383
Warawa,2024-09-01,3.1414216013901886
Wudil,2024-09-01,3.1520719419512364
Ajingi,2024-09-11,3.100518625642049
Albasu,2024-09-11,3.566452567930351
Bagwai,2024-09-11,3.6738873205597935
Bebeji,2024-09-11,3.845699800557222
Bichi,2024-09-11,3.2835042783475945
Bunkure,2024-09-11,4.011648745519714
Dala,2024-09-11,1.719353348729792
Dambatta,2024-09-11,2.398386098273802
Dawakin Kudu,2024-09-11,3.776493161468071
Dawakin Tofa,2024-09-11,3.6145439141485456
Doguwa,2024-09-11,3.402671012902554
Fagge,2024-09-11,0.9157107231920201
Gabasawa,2024-09-11,2.923399126637555
Garko,2024-09-11,3.5355249899234185
Garum Mallam,2024-09-11,3.889044714470967
Gaya,2024-09-11,3.700365221928223
Gezawa,2024-09-11,3.4084070796460177
Gwale,2024-09-11,1.1735080058224163
Gwarzo,2024-09-11,3.6998157618881233
Kabo,2024-09-11,3.6666226089510596
Kano,2024-09-11,1.4727509778357237
Karaye,2024-09-11,3.7798224685086845
Kibiya,2024-09-11,3.775622797799345
Kiru,2024-09-11,3.6196134017037007
Kumbotso,2024-09-11,2.950173623414358
Kunchi,2024-09-11,2.934538047906143
Kura,2024-09-11,4.017877844311378
Madobi,2024-09-11,3.9661049092711522
Makoda,2024-09-11,2.60464088082606
Minjibir,2024-09-11,3.7656281211852183
Nasarawa,2024-09-11,0.8123711340206186
Rano,2024-09-11,3.980496627236289
Rimin Gado,2024-09-11,3.7516889668787017
Rogo,2024-09-11,3.4733231210019433
Shanono,2024-09-11,3.6032794729287057
Sumaila,2024-09-11,3.675404137984602
Takai,2024-09-11,3.7431076552210727
Tarauni,2024-09-11,1.0906771344455348
Tofa,2024-09-11,3.768140338944624
Tsanyawa,2024-09-11,3.4351725678543503
Tudun Wada,2024-09-11,3.723638071703547
Ungogo,2024-09-11,2.4326461538461537
Warawa,2024-09-11,3.655911642828499
Wudil,2024-09-11,3.599862443687885
Ajingi,2024-09-21,3.005272694027494
Albasu,2024-09-21,3.515904358080137
Bagwai,2024-09-21,3.728863595411136
Bebeji,2024-09-21,3.7983724860313934
Bichi,2024-09-21,3.436652122173741
Bunkure,2024-09-21,4.028946334757205
Dala,2024-09-21,1.780230946882217
Dambatta,2024-09-21,2.391194805568753
Dawakin Kudu,2024-09-21,3.7611925612515993
Dawakin Tofa,2024-09-21,3.767633693615055
Doguwa,2024-09-21,3.109026982436188
Fagge,2024-09-21,0.9055694098088113
Gabasawa,2024-09-21,2.786740611353712
Garko,2024-09-21,3.547493450221685
Garum Mallam,2024-09-21,3.868435713942654
Gaya,2024-09-21,3.6862054187008533
Gezawa,2024-09-21,3.435907079646018
Gwale,2024-09-21,1.2270742358078603
Gwarzo,2024-09-21,3.8200247768495283
Kabo,2024-09-21,3.7116642802070716
Kano,2024-09-21,1.5707083876575403
Karaye,2024-09-21,3.8956951178839887
Kibiya,2024-09-21,3.816662545589417
Kiru,2024-09-21,3.595273828879532
Kumbotso,2024-09-21,3.0753879951810648
Kunchi,2024-09-21,3.0886214762913475
Kura,2024-09-21,4.095410778443114
Madobi,2024-09-21,3.961872333089091
Makoda,2024-09-21,2.628104854812026
Minjibir,2024-09-21,3.839834646543114
Nasarawa,2024-09-21,0.8305033353547606
Rano,2024-09-21,4.043190927754424
Rimin Gado,2024-09-21,3.8062458872559777
Rogo,2024-09-21,3.4057841510290348
Shanono,2024-09-21,3.7068994074128607
Sumaila,2024-09-21,3.527037680709147
Takai,2024-09-21,3.5813058560677327
Tarauni,2024-09-21,1.1628066732090285
Tofa,2024-09-21,3.8521339908178884
Tsanyawa,2024-09-21,3.5883223500502623
Tudun Wada,2024-09-21,3.567741573148442
Ungogo,2024-09-21,2.4983015384615386
Warawa,2024-09-21,3.7234895067504348
Wudil,2024-09-21,3.604687231335328
Ajingi,2024-10-01,2.6198374308083583
Albasu,2024-10-01,3.1918508668489856
Bagwai,2024-10-01,3.439347708571086
Bebeji,2024-10-01,3.4421128754776733
Bichi,2024-10-01,3.199569331897773
Bunkure,2024-10-01,3.6791132714685517
Dala,2024-10-01,1.6663741339491918
Dambatta,2024-10-01,2.0847003268115003
Dawakin Kudu,2024-10-01,3.4116337039588047
Dawakin Tofa,2024-10-01,3.5758568457805966
Doguwa,2024-10-01,2.8722342802681426
Fagge,2024-10-01,0.8925187032418953
Gabasawa,2024-10-01,2.4672104803493453
Garko,2024-10-01,3.214003929866989
Garum Mallam,2024-10-01,3.5134335526631766
Gaya,2024-10-01,3.3405955353482657
Gezawa,2024-10-01,3.1780878634639698
Gwale,2024-10-01,1.2058709364386222
Gwarzo,2024-10-01,3.634836885740606
Kabo,2024-10-01,3.463388038330213
Kano,2024-10-01,1.4637983485441115
Karaye,2024-10-01,3.6340285794915212
Kibiya,2024-10-01,3.380855535637016
Kiru,2024-10-01,3.3388863412126017
Kumbotso,2024-10-01,2.7881652611437886
Kunchi,2024-10-01,2.8459198305360927
Kura,2024-10-01,3.7624670658682633
Madobi,2024-10-01,3.5923236067410893
Makoda,2024-10-01,2.2564122311597923
Minjibir,2024-10-01,3.5172178448562867
Nasarawa,2024-10-01,0.8727713765918739
Rano,2024-10-01,3.6205274220353894
Rimin Gado,2024-10-01,3.5162151787672737
Rogo,2024-10-01,3.1344169751641777
Shanono,2024-10-01,3.4831793588280764
Sumaila,2024-10-01,3.128084313135334
Takai,2024-10-01,3.232452375352775
Tarauni,2024-10-01,1.1251226692836116
Tofa,2024-10-01,3.5440457972000226
Tsanyawa,2024-10-01,3.2651764771584944
Tudun Wada,2024-10-01,3.1362285690945666
Ungogo,2024-10-01,2.3230523076923077
Warawa,2024-10-01,3.403000935703783
Wudil,2024-10-01,3.230069809828399
Ajingi,2024-10-11,2.7851958975381907
Albasu,2024-10-11,3.328431643124169
Bagwai,2024-10-11,3.5738002282419368
Bebeji,2024-10-11,3.5179544174291673
Bichi,2024-10-11,3.299746888045183
Bunkure,2024-10-11,3.848166151126823
Dala,2024-10-11,1.7672517321016166
Dambatta,2024-10-11,2.198301156077686
Dawakin Kudu,2024-10-11,3.6475581357210802
Dawakin Tofa,2024-10-11,3.769723498754846
Doguwa,2024-10-11,3.1412393179506486
Fagge,2024-10-11,1.0536990856192852
Gabasawa,2024-10-11,2.621778165938865
Garko,2024-10-11,3.364636235388956
Garum Mallam,2024-10-11,3.591595024254359
Gaya,2024-10-11,3.4585286773748742
Gezawa,2024-10-11,3.437272439949431
Gwale,2024-10-11,1.3419213973799127
Gwarzo,2024-10-11,3.9292589180775708
Kabo,2024-10-11,3.6718361052979405
Kano,2024-10-11,1.5814863102998697
Karaye,2024-10-11,3.94152748916083
Kibiya,2024-10-11,3.6015299499289117
Kiru,2024-10-11,3.4541376578980287
Kumbotso,2024-10-11,2.9443483806959114
Kunchi,2024-10-11,2.9583623920482323
Kura,2024-10-11,4.028876646706587
Madobi,2024-10-11,3.699038834532994
Makoda,2024-10-11,2.343564949512237
Minjibir,2024-10-11,3.666113638885806
Nasarawa,2024-10-11,1.04232868405094
Rano,2024-10-11,3.949887574542966
Rimin Gado,2024-10-11,3.7140271989471376
Rogo,2024-10-11,3.2590343673318865
Shanono,2024-10-11,3.6742684677389676
Sumaila,2024-10-11,3.2637474877909067
Takai,2024-10-11,3.4181282337723427
Tarauni,2024-10-11,1.2627085377821394
Tofa,2024-10-11,3.714328628917985
Tsanyawa,2024-10-11,3.3463001228638447
Tudun Wada,2024-10-11,3.4051444384311402
Ungogo,2024-10-11,2.457298461538462
Warawa,2024-10-11,3.700180457158134
Wudil,2024-10-11,3.393476391897934
Ajingi,2024-10-21,2.581585465183929
Albasu,2024-10-21,3.272336101563088
Bagwai,2024-10-21,3.050534566640639
Bebeji,2024-10-21,3.5075148820851667
Bichi,2024-10-21,2.5523790634857675
Bunkure,2024-10-21,3.8153483576373546
Dala,2024-10-21,1.5657274826789838
Dambatta,2024-10-21,1.3907355418304324
Dawakin Kudu,2024-10-21,3.5051165994293023
Dawakin Tofa,2024-10-21,3.31313701830505
Doguwa,2024-10-21,3.4588712067211818
Fagge,2024-10-21,1.0467581047381547
Gabasawa,2024-10-21,2.1788157205240175
Garko,2024-10-21,3.394687122128174
Garum Mallam,2024-10-21,3.5161855818644643
Gaya,2024-10-21,3.2846178213393955
Gezawa,2024-10-21,3.2025094816687734
Gwale,2024-10-21,1.2681222707423583
Gwarzo,2024-10-21,3.785410247450844
Kabo,2024-10-21,3.4850607629327754
Kano,2024-10-21,1.4701434159061277
Karaye,2024-10-21,3.9440237050719618
Kibiya,2024-10-21,3.6601007603387523
Kiru,2024-10-21,3.4897222106418755
Kumbotso,2024-10-21,2.7278364396570054
Kunchi,2024-10-21,2.2228727391233503
Kura,2024-10-21,3.9649628742514973
Madobi,2024-10-21,3.496594974354554
Makoda,2024-10-21,1.7451651548861886
Minjibir,2024-10-21,3.0519087781600267
Nasarawa,2024-10-21,1.0121892055791388
Rano,2024-10-21,4.098164532212338
Rimin Gado,2024-10-21,3.44797104628208
Rogo,2024-10-21,3.369814050465938
Shanono,2024-10-21,3.367148220398248
Sumaila,2024-10-21,3.4456770585551038
Takai,2024-10-21,3.511365239887112
Tarauni,2024-10-21,1.2395976447497548
Tofa,2024-10-21,3.4441818284872188
Tsanyawa,2024-10-21,2.669071819501843
Tudun Wada,2024-10-21,3.6542055120441947
Ungogo,2024-10-21,2.1540676923076925
Warawa,2024-10-21,3.5034721293944657
Wudil,2024-10-21,3.214821692630421
Ajingi,2024-11-01,1.5911833640851745
Albasu,2024-11-01,2.159121358857917
Bagwai,2024-11-01,1.8668598714637517
Bebeji,2024-11-01,2.7280255164958973
Bichi,2024-11-01,1.4703462344874483
Bunkure,2024-11-01,2.9530318652722545
Dala,2024-11-01,1.0034642032332564
Dambatta,2024-11-01,0.6126923796772197
Dawakin Kudu,2024-11-01,2.6444750565777824
Dawakin Tofa,2024-11-01,2.036168519421838
Doguwa,2024-11-01,2.954048967235041
Fagge,2024-11-01,0.7664172901080633
Gabasawa,2024-11-01,1.2711493449781661
Garko,2024-11-01,2.6026828899637247
Garum Mallam,2024-11-01,2.609106190864992
Gaya,2024-11-01,2.1235903551596915
Gezawa,2024-11-01,2.151757269279393
Gwale,2024-11-01,0.9135371179039302
Gwarzo,2024-11-01,2.9248912042184174
Kabo,2024-11-01,2.4756360832690825
Kano,2024-11-01,1.0580617122990004
Karaye,2024-11-01,3.2777008132584218
Kibiya,2024-11-01,2.8144711627619463
Kiru,2024-11-01,2.7252261641722604
Kumbotso,2024-11-01,1.9593579477003757
Kunchi,2024-11-01,1.3514828091901583
Kura,2024-11-01,3.060091017964072
Madobi,2024-11-01,2.5332183957588037
Makoda,2024-11-01,0.9904472588282275
Minjibir,2024-11-01,1.7304433470203087
Nasarawa,2024-11-01,0.7264402668283809
Rano,2024-11-01,3.5788689021409716
Rimin Gado,2024-11-01,2.3258335161219565
Rogo,2024-11-01,2.6327191750705645
Shanono,2024-11-01,2.2788306525819872
Sumaila,2024-11-01,2.520123887103508
Takai,2024-11-01,2.574626646284102
Tarauni,2024-11-01,0.8919038272816486
Tofa,2024-11-01,2.342339738139772
Tsanyawa,2024-11-01,1.4823131911091254
Tudun Wada,2024-11-01,3.050193503589262
Ungogo,2024-11-01,1.3720307692307694
Warawa,2024-11-01,2.5089526801229782
Wudil,2024-11-01,2.236951064341965
Ajingi,2024-11-11,1.0663076181452484
Albasu,2024-11-11,1.2829967132498683
Bagwai,2024-11-11,1.1467986065229143
Bebeji,2024-11-11,1.8803967541068467
Bichi,2024-11-11,0.8861997317768838
Bunkure,2024-11-11,2.0319462856581727
Dala,2024-11-11,0.7532101616628175
Dambatta,2024-11-11,0.37890698109676213
Dawakin Kudu,2024-11-11,1.8397290826199613
Dawakin Tofa,2024-11-11,1.1108264229416447
Doguwa,2024-11-11,2.3480758295357163
Fagge,2024-11-11,0.6453034081463009
Gabasawa,2024-11-11,0.8325624454148471
Garko,2024-11-11,1.7827312575574366
Garum Mallam,2024-11-11,1.775539119158542
Gaya,2024-11-11,1.285758208176499
Gezawa,2024-11-11,1.3368742098609356
Gwale,2024-11-11,0.7732654051431345
Gwarzo,2024-11-11,1.8892284234935357
Kabo,2024-11-11,1.5238499100488307
Kano,2024-11-11,0.8519774011299435
Karaye,2024-11-11,2.568678006105852
Kibiya,2024-11-11,1.8869506088891637
Kiru,2024-11-11,1.7690651880879924
Kumbotso,2024-11-11,1.3595705477995892
Kunchi,2024-11-11,0.8987306501547988
Kura,2024-11-11,2.175851497005988
Madobi,2024-11-11,1.6248782380069824
Makoda,2024-11-11,0.6951965314621485
Minjibir,2024-11-11,1.057990234158251
Nasarawa,2024-11-11,0.5956337174044876
Rano,2024-11-11,2.99000391045068
Rimin Gado,2024-11-11,1.387190173283615
Rogo,2024-11-11,1.7521027474008202
Shanono,2024-11-11,1.298636313445471
Sumaila,2024-11-11,1.6981717914114005
Takai,2024-11-11,1.6811941439322675
Tarauni,2024-11-11,0.7137880274779196
Tofa,2024-11-11,1.4163010825823275
Tsanyawa,2024-11-11,0.7477940355188206
Tudun Wada,2024-11-11,2.422497472710378
Ungogo,2024-11-11,0.9255200000000001
Warawa,2024-11-11,1.5193189413180057
Wudil,2024-11-11,1.4680972523126656
Ajingi,2024-11-21,0.7609451619874001
Albasu,2024-11-21,0.8036505507188197
Bagwai,2024-11-21,0.7744549222175506
Bebeji,2024-11-21,1.1177184355160392
Bichi,2024-11-21,0.5622938743129143
Bunkure,2024-11-21,1.1979844847056513
Dala,2024-11-21,0.5570438799076213
Dambatta,2024-11-21,0.311457118587944
Dawakin Kudu,2024-11-21,1.1832234576404606
Dawakin Tofa,2024-11-21,0.6238042668994378
Doguwa,2024-11-21,1.7288669619330606
Fagge,2024-11-21,0.5176226101413134
Gabasawa,2024-11-21,0.5945764192139739
Garko,2024-11-21,1.093150443369609
Garum Mallam,2024-11-21,1.0788194611209836
Gaya,2024-11-21,0.8484049491298029
Gezawa,2024-11-21,0.7936504424778761
Gwale,2024-11-21,0.6118874332848132
Gwarzo,2024-11-21,1.0146437533750516
Kabo,2024-11-21,0.844289018614385
Kano,2024-11-21,0.6388092133854846
Karaye,2024-11-21,1.8601503373611434
Kibiya,2024-11-21,1.0630895716140198
Kiru,2024-11-21,0.9641402982170899
Kumbotso,2024-11-21,0.8452200411026859
Kunchi,2024-11-21,0.6332426266905654
Kura,2024-11-21,1.3071904191616768
Madobi,2024-11-21,0.9299038834532996
Makoda,2024-11-21,0.5249871641280165
Minjibir,2024-11-21,0.7504189324159362
Nasarawa,2024-11-21,0.479805942995755
Rano,2024-11-21,2.2054037540326523
Rimin Gado,2024-11-21,0.7841960956350077
Rogo,2024-11-21,0.9351063075330128
Shanono,2024-11-21,0.7429662482976922
Sumaila,2024-11-21,1.0833684476246883
Takai,2024-11-21,0.9957034924741299
Tarauni,2024-11-21,0.5593228655544652
Tofa,2024-11-21,0.7659978461712861
Tsanyawa,2024-11-21,0.4588769127666704
Tudun Wada,2024-11-21,1.7296474048054244
Ungogo,2024-11-21,0.622683076923077
Warawa,2024-11-21,0.8408468119235396
Wudil,2024-11-21,0.9865469926751264
Ajingi,2024-12-01,0.6241493375887233
Albasu,2024-12-01,0.611250219534837
Bagwai,2024-12-01,0.6988287584839931
Bebeji,2024-12-01,0.7830214819664145
Bichi,2024-12-01,0.47284146502710567
Bunkure,2024-12-01,0.7513084892227624
Dala,2024-12-01,0.5358891454965358
Dambatta,2024-12-01,0.3224017046027153
Dawakin Kudu,2024-12-01,0.8826953983403851
Dawakin Tofa,2024-12-01,0.4890092680547355
Doguwa,2024-12-01,1.4372099728493741
Fagge,2024-12-01,0.4929343308395677
Gabasawa,2024-12-01,0.498092576419214
Garko,2024-12-01,0.7859809552599759
Garum Mallam,2024-12-01,0.7480956726382019
Gaya,2024-12-01,0.619559870308948
Gezawa,2024-12-01,0.5530878634639697
Gwale,2024-12-01,0.5901018922852984
Gwarzo,2024-12-01,0.7431276007750708
Kabo,2024-12-01,0.6499063773543342
Kano,2024-12-01,0.5980008691873099
Karaye,2024-12-01,1.6362220682931836
Kibiya,2024-12-01,0.6360110032762565
Kiru,2024-12-01,0.690382290407304
Kumbotso,2024-12-01,0.6375947842108993
Kunchi,2024-12-01,0.5867997392862963
Kura,2024-12-01,0.8619976047904192
Madobi,2024-12-01,0.6751950346967803
Makoda,2024-12-01,0.49408408922357244
Minjibir,2024-12-01,0.6371351681278439
Nasarawa,2024-12-01,0.467919951485749
Rano,2024-12-01,1.8061174112816503
Rimin Gado,2024-12-01,0.5827703443737662
Rogo,2024-12-01,0.5855013261847014
Shanono,2024-12-01,0.5815764290183666
Sumaila,2024-12-01,0.8121488975407051
Takai,2024-12-01,0.6726334666039512
Tarauni,2024-12-01,0.5314033366045142
Tofa,2024-12-01,0.5611857393867256
Tsanyawa,2024-12-01,0.39571372724226517
Tudun Wada,2024-12-01,1.3979117950393647
Ungogo,2024-12-01,0.5487138461538462
Warawa,2024-12-01,0.5666822617297153
Wudil,2024-12-01,0.7307988582826095
Ajingi,2024-12-11,0.512684718828438
Albasu,2024-12-11,0.4449331359610608
Bagwai,2024-12-11,0.6501171241516007
Bebeji,2024-12-11,0.6127567254845242
Bichi,2024-12-11,0.3989176630588769
Bunkure,2024-12-11,0.5216060293612216
Dala,2024-12-11,0.5212009237875289
Dambatta,2024-12-11,0.3042730243740912
Dawakin Kudu,2024-12-11,0.7867230804552462
Dawakin Tofa,2024-12-11,0.40022592487997743
Doguwa,2024-12-11,1.2549075357002701
Fagge,2024-12-11,0.49264339152119707
Gabasawa,2024-12-11,0.460317903930131
Garko,2024-12-11,0.6606257557436518
Garum Mallam,2024-12-11,0.5596321022045051
Gaya,2024-12-11,0.4754239183095442
Gezawa,2024-12-11,0.47698798988621993
Gwale,2024-12-11,0.5687045123726348
Gwarzo,2024-12-11,0.6188653473523713
Kabo,2024-12-11,0.5862760215882806
Kano,2024-12-11,0.562929161234246
Karaye,2024-12-11,1.5503142717873728
Kibiya,2024-12-11,0.4702509736045002
Kiru,2024-12-11,0.5024443795945026
Kumbotso,2024-12-11,0.5393168450145277
Kunchi,2024-12-11,0.5409727880071696
Kura,2024-12-11,0.7198706586826348
Madobi,2024-12-11,0.5529546140252576
Makoda,2024-12-11,0.4945575902789663
Minjibir,2024-12-11,0.5886222394850739
Nasarawa,2024-12-11,0.48829593693147366
Rano,2024-12-11,1.6546534363085348
Rimin Gado,2024-12-11,0.5026431234919938
Rogo,2024-12-11,0.4452080053331064
Shanono,2024-12-11,0.5098513011152417
Sumaila,2024-12-11,0.6324931794129927
Takai,2024-12-11,0.47818673565381
Tarauni,2024-12-11,0.5340039254170755
Tofa,2024-12-11,0.4451227115569915
Tsanyawa,2024-12-11,0.36588852898469787
Tudun Wada,2024-12-11,1.2392214926836242
Ungogo,2024-12-11,0.5104369230769231
Warawa,2024-12-11,0.463180056142227
Wudil,2024-12-11,0.621850820179511
Ajingi,2024-12-21,0.4910985887398394
Albasu,2024-12-21,0.4328750282259076
Bagwai,2024-12-21,0.5872274611087753
Bebeji,2024-12-21,0.5639389187460987
Bichi,2024-12-21,0.36928467539336246
Bunkure,2024-12-21,0.5058256002356755
Dala,2024-12-21,0.4966281755196305
Dambatta,2024-12-21,0.28444550022315324
Dawakin Kudu,2024-12-21,0.7912296237987472
Dawakin Tofa,2024-12-21,0.40159431080074964
Doguwa,2024-12-21,1.085520467086874
Fagge,2024-12-21,0.4918121363258521
Gabasawa,2024-12-21,0.4567650655021834
Garko,2024-12-21,0.6129735993550988
Garum Mallam,2024-12-21,0.5633302915325874
Gaya,2024-12-21,0.48684083032087355
Gezawa,2024-12-21,0.4967983565107459
Gwale,2024-12-21,0.5644832605531296
Gwarzo,2024-12-21,0.4806009974270195
Kabo,2024-12-21,0.543562066306862
Kano,2024-12-21,0.5537157757496741
Karaye,2024-12-21,1.4162010313245594
Kibiya,2024-12-21,0.4079155591271558
Kiru,2024-12-21,0.4466030210808633
Kumbotso,2024-12-21,0.5268868258805187
Kunchi,2024-12-21,0.5107919178751833
Kura,2024-12-21,0.7950994011976049
Madobi,2024-12-21,0.5327270376276885
Makoda,2024-12-21,0.48902105083005304
Minjibir,2024-12-21,0.590483853068472
Nasarawa,2024-12-21,0.48714372346876894
Rano,2024-12-21,1.552810636425848
Rimin Gado,2024-12-21,0.4800230313665278
Rogo,2024-12-21,0.37001404195566145
Shanono,2024-12-21,0.41008502337222574
Sumaila,2024-12-21,0.5497499927182345
Takai,2024-12-21,0.4598130291627469
Tarauni,2024-12-21,0.5536800785083416
Tofa,2024-12-21,0.45396474522473507
Tsanyawa,2024-12-21,0.304573885848319
Tudun Wada,2024-12-21,1.103288029326771
Ungogo,2024-12-21,0.5022769230769231
Warawa,2024-12-21,0.45329167223633204
Wudil,2024-12-21,0.6171773444753947
Ajingi,2025-01-01,0.5767399724064562
Albasu,2025-01-01,0.5455076899917204
Bagwai,2025-01-01,0.6089044387050273
Bebeji,2025-01-01,0.6594156783338154
Bichi,2025-01-01,0.4349181163937213
Bunkure,2025-01-01,0.6333677026562577
Dala,2025-01-01,0.5478983833718245
Dambatta,2025-01-01,0.33250262744928666
Dawakin Kudu,2025-01-01,0.8713700022959101
Dawakin Tofa,2025-01-01,0.48273985263536234
Doguwa,2025-01-01,1.0840003523975044
Fagge,2025-01-01,0.5689526184538654
Gabasawa,2025-01-01,0.521271615720524
Garko,2025-01-01,0.6257733776702943
Garum Mallam,2025-01-01,0.7132318332452812
Gaya,2025-01-01,0.5480863116312004
Gezawa,2025-01-01,0.5829677623261694
Gwale,2025-01-01,0.6246967491508977
Gwarzo,2025-01-01,0.4497093484959182
Kabo,2025-01-01,0.5147116055365862
Kano,2025-01-01,0.6277270751847024
Karaye,2025-01-01,1.497975833140922
Kibiya,2025-01-01,0.4493076590220684
Kiru,2025-01-01,0.491974819694001
Kumbotso,2025-01-01,0.5825597051945292
Kunchi,2025-01-01,0.5446912172071045
Kura,2025-01-01,1.0498155688622755
Madobi,2025-01-01,0.581543898969872
Makoda,2025-01-01,0.5908694163956872
Minjibir,2025-01-01,0.6638747086893797
Nasarawa,2025-01-01,0.5285627653123105
Rano,2025-01-01,1.6508700752761756
Rimin Gado,2025-01-01,0.4747203334064488
Rogo,2025-01-01,0.34855396224274143
Shanono,2025-01-01,0.43725937649527036
Sumaila,2025-01-01,0.5640368166063089
Takai,2025-01-01,0.5658116768579492
Tarauni,2025-01-01,0.6259568204121688
Tofa,2025-01-01,0.49443405316556144
Tsanyawa,2025-01-01,0.36612308723332965
Tudun Wada,2025-01-01,1.0943378501189613
Ungogo,2025-01-01,0.5591261538461539
Warawa,2025-01-01,0.5099418526934902
Wudil,2025-01-01,0.6751263798617559
